zip_code,households_total,households_total_less_than_10000,households_total_10000_to_14999,households_total_15000_to_24999,households_total_25000_to_34999,households_total_35000_to_49999,households_total_50000_to_74999,households_total_75000_to_99999,households_total_100000_to_149999,households_total_150000_to_199999,households_total_200000_or_more,households_median_income_dollars,households_mean_income_dollars,households_percent_allocated_household_income_in_the_past_12_mo,families_total,families_total_less_than_10000,families_total_10000_to_14999,families_total_15000_to_24999,families_total_25000_to_34999,families_total_35000_to_49999,families_total_50000_to_74999,families_total_75000_to_99999,families_total_100000_to_149999,families_total_150000_to_199999,families_total_200000_or_more,families_median_income_dollars,families_mean_income_dollars,families_percent_allocated_family_income_in_the_past_12_months,married_couple_families_total,married_couple_families_total_less_than_10000,married_couple_families_total_10000_to_14999,married_couple_families_total_15000_to_24999,married_couple_families_total_25000_to_34999,married_couple_families_total_35000_to_49999,married_couple_families_total_50000_to_74999,married_couple_families_total_75000_to_99999,married_couple_families_total_100000_to_149999,married_couple_families_total_150000_to_199999,married_couple_families_total_200000_or_more,married_couple_families_median_income_dollars,nonfamily_households_total,nonfamily_households_total_less_than_10000,nonfamily_households_total_10000_to_14999,nonfamily_households_total_15000_to_24999,nonfamily_households_total_25000_to_34999,nonfamily_households_total_35000_to_49999,nonfamily_households_total_50000_to_74999,nonfamily_households_total_75000_to_99999,nonfamily_households_total_100000_to_149999,nonfamily_households_total_150000_to_199999,nonfamily_households_total_200000_or_more,nonfamily_households_median_income_dollars,nonfamily_households_mean_income_dollars,nonfamily_households_percent_allocated_nonfamily_income_in_the_,markets_count,parks_count,hospitals_count,schools_count,transit_count
91901,6150.0,148.0,62.0,326.0,646.0,492.0,578.0,1009.0,1218.0,824.0,843.0,93214.0,119653.0,37.2,4584.0,115.0,9.0,147.0,284.0,261.0,463.0,825.0,1008.0,729.0,747.0,106557.0,134334.0,41.7,3790.0,42.0,8.0,117.0,208.0,159.0,330.0,659.0,872.0,694.0,694.0,118339.0,1566.0,45.0,53.0,180.0,366.0,232.0,218.0,197.0,193.0,52.0,31.0,43523.0,62711.0,22.2,,1,,5,34
91902,6045.0,169.0,36.0,187.0,308.0,459.0,731.0,864.0,1396.0,907.0,973.0,106769.0,132519.0,46.6,4286.0,69.0,43.0,141.0,90.0,107.0,549.0,660.0,1050.0,780.0,797.0,123750.0,138268.0,43.1,3667.0,66.0,15.0,106.0,59.0,92.0,352.0,546.0,961.0,700.0,766.0,129829.0,1759.0,104.0,18.0,53.0,237.0,336.0,172.0,245.0,327.0,137.0,130.0,70469.0,111325.0,53.8,,1,,,12
91906,1282.0,59.0,35.0,95.0,162.0,347.0,144.0,82.0,229.0,128.0,1.0,48100.0,69435.0,26.6,911.0,20.0,20.0,8.0,163.0,161.0,122.0,79.0,229.0,108.0,1.0,64073.0,80774.0,22.0,692.0,14.0,20.0,3.0,129.0,102.0,73.0,51.0,228.0,71.0,1.0,90104.0,371.0,42.0,15.0,84.0,33.0,152.0,26.0,3.0,0.0,16.0,0.0,35991.0,37850.0,38.0,,1,,,15
91910,24599.0,1082.0,1328.0,1648.0,2263.0,2558.0,4182.0,3247.0,4256.0,2066.0,1968.0,70283.0,90646.0,46.8,17756.0,497.0,550.0,941.0,1492.0,1829.0,3161.0,2202.0,3711.0,1651.0,1722.0,79589.0,100880.0,46.8,12239.0,135.0,147.0,612.0,796.0,869.0,1983.0,1713.0,2803.0,1518.0,1665.0,98394.0,6843.0,671.0,814.0,814.0,766.0,814.0,1232.0,746.0,623.0,164.0,198.0,40825.0,56747.0,44.1,4,1,,18,103
91911,25145.0,805.0,1308.0,1936.0,2439.0,2791.0,4702.0,3043.0,4903.0,2012.0,1232.0,65074.0,82231.0,50.9,20275.0,426.0,710.0,1379.0,1642.0,2230.0,3893.0,2615.0,4298.0,1946.0,1135.0,73924.0,88765.0,51.5,13869.0,166.0,250.0,499.0,860.0,1179.0,2663.0,1942.0,3550.0,1706.0,1040.0,90458.0,4870.0,472.0,706.0,594.0,818.0,687.0,760.0,414.0,307.0,78.0,34.0,33231.0,45098.0,45.0,7,1,2,21,186
91913,14899.0,492.0,134.0,328.0,447.0,894.0,1952.0,2026.0,4187.0,2518.0,1922.0,113415.0,132723.0,38.3,12617.0,164.0,88.0,252.0,177.0,934.0,1956.0,1653.0,3381.0,2195.0,1817.0,114940.0,138019.0,36.1,10242.0,82.0,51.0,184.0,41.0,512.0,1331.0,1362.0,2888.0,2089.0,1700.0,128882.0,2282.0,338.0,37.0,82.0,274.0,146.0,203.0,345.0,612.0,162.0,84.0,77616.0,85445.0,45.7,6,1,,11,46
91914,4546.0,105.0,23.0,150.0,145.0,186.0,373.0,446.0,1241.0,882.0,991.0,136833.0,147979.0,31.6,4094.0,106.0,25.0,53.0,119.0,143.0,262.0,348.0,1191.0,905.0,942.0,143503.0,154025.0,31.1,3571.0,7.0,21.0,43.0,96.0,121.0,246.0,282.0,946.0,903.0,903.0,153783.0,452.0,0.0,0.0,95.0,27.0,56.0,96.0,98.0,63.0,0.0,17.0,58347.0,75840.0,36.5,,1,,4,11
91915,9062.0,172.0,27.0,381.0,435.0,444.0,852.0,1205.0,2220.0,1658.0,1676.0,125864.0,136542.0,33.0,7988.0,184.0,120.0,280.0,335.0,328.0,871.0,1022.0,1909.0,1366.0,1582.0,125340.0,137558.0,33.6,6701.0,40.0,0.0,94.0,288.0,255.0,650.0,844.0,1742.0,1240.0,1555.0,133068.0,1074.0,0.0,15.0,42.0,70.0,118.0,43.0,228.0,353.0,179.0,26.0,113125.0,105924.0,28.4,3,1,,7,15
91932,9361.0,477.0,431.0,543.0,1161.0,1245.0,1872.0,1423.0,1273.0,468.0,477.0,59795.0,76679.0,39.6,6333.0,196.0,190.0,279.0,773.0,1001.0,1349.0,944.0,899.0,342.0,355.0,64818.0,81529.0,39.1,3514.0,32.0,11.0,130.0,320.0,429.0,699.0,608.0,647.0,306.0,330.0,80660.0,3028.0,354.0,248.0,254.0,554.0,430.0,385.0,324.0,382.0,39.0,61.0,40133.0,53993.0,35.9,2,1,,,54
91935,2939.0,159.0,79.0,97.0,141.0,250.0,379.0,223.0,732.0,406.0,473.0,106735.0,125756.0,39.8,2406.0,128.0,22.0,48.0,123.0,99.0,298.0,214.0,669.0,361.0,445.0,111958.0,132528.0,42.6,2112.0,72.0,21.0,40.0,116.0,97.0,213.0,199.0,566.0,348.0,437.0,124000.0,533.0,31.0,58.0,56.0,18.0,152.0,88.0,20.0,66.0,17.0,27.0,44018.0,85318.0,26.8,,1,,,8
91941,11995.0,348.0,252.0,792.0,684.0,1164.0,1631.0,1523.0,2267.0,1427.0,1907.0,94111.0,120062.0,39.4,8705.0,131.0,122.0,496.0,374.0,705.0,1175.0,1053.0,1706.0,1175.0,1776.0,108338.0,135461.0,40.1,6907.0,55.0,76.0,200.0,207.0,483.0,822.0,780.0,1506.0,1077.0,1699.0,126783.0,3290.0,230.0,148.0,388.0,336.0,484.0,540.0,352.0,510.0,191.0,112.0,52971.0,70587.0,35.8,2,1,,9,61
91942,16463.0,905.0,708.0,1449.0,1037.0,2008.0,2930.0,2486.0,2930.0,971.0,1037.0,66551.0,84760.0,34.1,8806.0,361.0,70.0,564.0,546.0,1083.0,1418.0,1294.0,1902.0,898.0,660.0,82612.0,95573.0,33.0,5709.0,114.0,57.0,154.0,268.0,428.0,811.0,931.0,1576.0,856.0,520.0,101861.0,7657.0,559.0,643.0,972.0,590.0,1041.0,1440.0,1057.0,972.0,69.0,306.0,50183.0,67301.0,34.8,11,1,1,5,41
91945,8659.0,260.0,450.0,840.0,814.0,901.0,1697.0,1333.0,1576.0,563.0,216.0,67236.0,76023.0,44.1,6101.0,153.0,37.0,439.0,555.0,653.0,1245.0,933.0,1391.0,531.0,165.0,74120.0,85478.0,45.2,4033.0,12.0,28.0,226.0,234.0,226.0,795.0,758.0,1182.0,460.0,117.0,90625.0,2558.0,138.0,417.0,368.0,292.0,304.0,491.0,343.0,161.0,31.0,13.0,38344.0,48323.0,38.6,1,1,,,58
91950,17392.0,1044.0,1009.0,2209.0,2174.0,2522.0,3078.0,2574.0,1757.0,487.0,557.0,48359.0,63766.0,44.8,12402.0,508.0,347.0,1414.0,1525.0,1898.0,2691.0,1699.0,1550.0,422.0,335.0,53567.0,67664.0,42.7,7355.0,44.0,199.0,713.0,750.0,919.0,1765.0,1192.0,1192.0,353.0,235.0,66322.0,4990.0,634.0,709.0,853.0,689.0,619.0,424.0,748.0,115.0,15.0,190.0,30400.0,47342.0,47.9,19,1,1,,234
91962,937.0,0.0,15.0,7.0,88.0,39.0,86.0,78.0,263.0,286.0,75.0,130938.0,132591.0,42.5,781.0,0.0,0.0,1.0,61.0,19.0,85.0,42.0,256.0,242.0,75.0,135221.0,141743.0,42.4,725.0,0.0,0.0,0.0,47.0,19.0,60.0,26.0,256.0,242.0,75.0,145665.0,156.0,0.0,15.0,6.0,27.0,20.0,16.0,21.0,7.0,44.0,0.0,,86403.0,33.3,,1,,,5
91977,19098.0,745.0,688.0,1108.0,1394.0,2521.0,3514.0,2559.0,3743.0,1585.0,1222.0,71396.0,89112.0,44.8,14096.0,296.0,197.0,691.0,1071.0,1903.0,2594.0,2185.0,3073.0,1325.0,761.0,76985.0,93041.0,46.5,9743.0,117.0,68.0,312.0,604.0,1267.0,1647.0,1520.0,2397.0,1101.0,711.0,86794.0,5002.0,460.0,515.0,475.0,490.0,625.0,915.0,505.0,575.0,170.0,275.0,47576.0,66708.0,36.4,2,1,,13,62
91978,3387.0,91.0,64.0,234.0,156.0,396.0,572.0,427.0,759.0,434.0,254.0,84266.0,100683.0,44.9,2629.0,110.0,34.0,152.0,131.0,268.0,457.0,379.0,526.0,334.0,234.0,84899.0,103045.0,43.9,1753.0,26.0,0.0,18.0,72.0,161.0,226.0,263.0,445.0,316.0,226.0,106580.0,758.0,35.0,42.0,55.0,27.0,140.0,187.0,57.0,118.0,78.0,19.0,65123.0,76855.0,46.6,,1,,2,45
92003,1849.0,102.0,57.0,124.0,31.0,155.0,259.0,340.0,344.0,233.0,203.0,89201.0,117827.0,35.0,1326.0,20.0,45.0,28.0,24.0,80.0,141.0,293.0,314.0,188.0,194.0,103081.0,141172.0,31.6,957.0,8.0,0.0,28.0,24.0,68.0,107.0,177.0,221.0,131.0,193.0,111719.0,523.0,94.0,13.0,83.0,7.0,75.0,117.0,48.0,39.0,36.0,11.0,43542.0,57899.0,43.8,1,1,,,8
92004,1101.0,42.0,86.0,40.0,29.0,190.0,211.0,64.0,177.0,192.0,70.0,61809.0,93289.0,24.3,704.0,0.0,0.0,40.0,17.0,109.0,173.0,28.0,110.0,192.0,35.0,93661.0,105942.0,27.7,640.0,0.0,0.0,40.0,0.0,62.0,173.0,28.0,110.0,192.0,35.0,111037.0,397.0,42.0,86.0,0.0,12.0,81.0,38.0,36.0,67.0,0.0,35.0,49306.0,70852.0,18.4,,1,,,12
92007,4522.0,176.0,54.0,99.0,389.0,294.0,547.0,470.0,791.0,565.0,1140.0,107778.0,156716.0,32.5,2826.0,34.0,17.0,31.0,274.0,116.0,237.0,308.0,415.0,444.0,947.0,145882.0,190781.0,26.8,2428.0,34.0,17.0,12.0,243.0,78.0,131.0,308.0,330.0,364.0,913.0,152500.0,1696.0,142.0,37.0,68.0,119.0,176.0,361.0,161.0,377.0,148.0,105.0,64619.0,91698.0,41.2,,1,,,17
92008,11340.0,442.0,318.0,760.0,782.0,919.0,1622.0,1520.0,1735.0,1304.0,1950.0,86046.0,120672.0,25.8,6760.0,210.0,81.0,352.0,406.0,527.0,676.0,865.0,1122.0,933.0,1589.0,106250.0,141725.0,25.7,5196.0,62.0,83.0,120.0,197.0,275.0,405.0,701.0,992.0,878.0,1481.0,134670.0,4580.0,316.0,234.0,408.0,394.0,394.0,948.0,678.0,572.0,325.0,316.0,66549.0,84790.0,24.6,8,1,,9,101
92009,16258.0,488.0,146.0,309.0,585.0,959.0,1626.0,1626.0,2878.0,2422.0,5203.0,138138.0,177632.0,33.4,13056.0,418.0,13.0,157.0,366.0,627.0,1175.0,1188.0,2246.0,2037.0,4844.0,159224.0,193223.0,33.7,10719.0,107.0,0.0,75.0,236.0,397.0,836.0,772.0,1887.0,1833.0,4588.0,181678.0,3202.0,179.0,144.0,167.0,237.0,343.0,426.0,516.0,589.0,272.0,327.0,76926.0,98968.0,30.8,10,1,,8,49
92010,6064.0,443.0,139.0,206.0,491.0,406.0,661.0,582.0,1516.0,522.0,1092.0,102793.0,116829.0,28.1,4329.0,143.0,56.0,95.0,346.0,251.0,437.0,442.0,1134.0,394.0,1026.0,118094.0,134943.0,29.6,3488.0,0.0,14.0,42.0,255.0,181.0,290.0,314.0,1022.0,370.0,1001.0,131276.0,1735.0,326.0,83.0,121.0,147.0,142.0,238.0,141.0,357.0,125.0,54.0,54805.0,67528.0,24.1,,1,,4,64
92011,9445.0,283.0,170.0,312.0,595.0,774.0,1077.0,727.0,1757.0,1228.0,2522.0,115301.0,159413.0,26.2,6722.0,161.0,7.0,222.0,276.0,417.0,746.0,471.0,1472.0,813.0,2131.0,130918.0,177968.0,22.7,5528.0,55.0,0.0,122.0,216.0,370.0,558.0,442.0,1028.0,719.0,2018.0,147357.0,2723.0,155.0,158.0,131.0,324.0,340.0,338.0,218.0,444.0,357.0,256.0,66427.0,104576.0,33.1,4,1,,3,74
92014,5634.0,152.0,85.0,152.0,231.0,203.0,406.0,479.0,963.0,569.0,2406.0,162305.0,237815.0,37.4,3675.0,26.0,0.0,11.0,29.0,92.0,217.0,316.0,526.0,467.0,1996.0,228672.0,289782.0,36.9,3281.0,10.0,0.0,10.0,10.0,69.0,161.0,194.0,482.0,456.0,1893.0,242417.0,1959.0,143.0,84.0,139.0,200.0,135.0,170.0,170.0,441.0,78.0,396.0,92250.0,137191.0,36.9,2,1,,,20
92019,14727.0,707.0,442.0,604.0,825.0,1473.0,2474.0,2121.0,2739.0,1267.0,2062.0,85067.0,110938.0,40.1,11216.0,224.0,247.0,449.0,561.0,965.0,1750.0,1783.0,2243.0,1178.0,1817.0,95543.0,122642.0,40.3,8435.0,152.0,186.0,186.0,321.0,574.0,1172.0,1501.0,1620.0,1113.0,1620.0,103405.0,3511.0,534.0,204.0,270.0,291.0,481.0,685.0,302.0,470.0,98.0,179.0,49559.0,65346.0,35.1,4,1,,14,48
92020,19032.0,971.0,1085.0,1656.0,1789.0,2341.0,3274.0,2360.0,2836.0,1237.0,1484.0,61830.0,83640.0,43.0,13634.0,518.0,395.0,1077.0,1295.0,1513.0,2318.0,1813.0,2372.0,1023.0,1295.0,71925.0,93291.0,44.9,9513.0,295.0,209.0,628.0,913.0,771.0,1370.0,1246.0,1998.0,875.0,1218.0,88653.0,5398.0,588.0,740.0,578.0,502.0,918.0,842.0,513.0,389.0,194.0,135.0,38654.0,53501.0,35.8,6,1,,15,97
92021,22714.0,1090.0,1295.0,2544.0,1658.0,2976.0,3657.0,3044.0,3521.0,1295.0,1613.0,60510.0,83027.0,43.7,16678.0,667.0,584.0,1785.0,1084.0,1968.0,2785.0,2252.0,2935.0,1117.0,1518.0,68929.0,92347.0,43.8,11374.0,148.0,205.0,1126.0,512.0,1137.0,1854.0,1729.0,2332.0,933.0,1388.0,85650.0,6036.0,664.0,797.0,791.0,724.0,1038.0,712.0,658.0,459.0,115.0,78.0,35340.0,47606.0,38.4,5,1,,13,116
92024,19371.0,639.0,310.0,697.0,852.0,1278.0,2325.0,1821.0,3467.0,2731.0,5269.0,125458.0,173529.0,35.0,13061.0,209.0,26.0,327.0,536.0,509.0,1241.0,1058.0,2508.0,2116.0,4519.0,152205.0,202215.0,35.1,11051.0,44.0,0.0,177.0,254.0,409.0,862.0,818.0,2144.0,2089.0,4255.0,170803.0,6310.0,448.0,284.0,416.0,347.0,726.0,1142.0,757.0,1035.0,498.0,656.0,67320.0,107621.0,33.6,24,1,1,9,89
92025,16325.0,1208.0,947.0,1486.0,1453.0,1975.0,2906.0,1796.0,1861.0,1437.0,1241.0,56866.0,83511.0,40.4,10977.0,428.0,252.0,757.0,999.0,1471.0,2162.0,1207.0,1328.0,1273.0,1109.0,65420.0,98504.0,35.5,7601.0,114.0,53.0,372.0,623.0,943.0,1421.0,867.0,1087.0,1125.0,996.0,82090.0,5348.0,957.0,711.0,711.0,487.0,529.0,792.0,497.0,422.0,144.0,107.0,30772.0,47537.0,47.6,4,1,1,12,91
92026,17645.0,970.0,406.0,1253.0,1323.0,1853.0,2947.0,2417.0,3158.0,1764.0,1570.0,76534.0,95471.0,36.3,12101.0,472.0,242.0,605.0,774.0,1113.0,1960.0,1815.0,2311.0,1392.0,1404.0,85759.0,105340.0,36.4,9166.0,266.0,27.0,394.0,458.0,733.0,1430.0,1228.0,1952.0,1283.0,1393.0,101042.0,5544.0,632.0,261.0,621.0,638.0,704.0,1125.0,632.0,571.0,249.0,116.0,47369.0,63980.0,33.4,,1,,9,54
92027,17070.0,1075.0,341.0,1195.0,1280.0,1963.0,3175.0,2065.0,2817.0,2168.0,990.0,70009.0,91576.0,43.5,12852.0,334.0,206.0,797.0,835.0,1555.0,2326.0,1864.0,2133.0,1928.0,874.0,79697.0,101461.0,42.6,9121.0,146.0,9.0,255.0,511.0,903.0,1669.0,1240.0,1788.0,1824.0,794.0,96393.0,4218.0,814.0,202.0,603.0,443.0,413.0,898.0,304.0,396.0,114.0,25.0,36769.0,48478.0,40.2,,1,,12,102
92028,15764.0,552.0,221.0,1167.0,1387.0,1545.0,2459.0,2160.0,2869.0,1655.0,1734.0,80775.0,103250.0,37.1,12265.0,343.0,221.0,687.0,981.0,1030.0,1962.0,1791.0,2318.0,1423.0,1521.0,86431.0,110186.0,36.2,9572.0,77.0,29.0,479.0,565.0,718.0,1589.0,1350.0,2020.0,1273.0,1465.0,99659.0,3499.0,287.0,140.0,469.0,448.0,479.0,598.0,469.0,336.0,136.0,136.0,46576.0,64680.0,37.5,2,1,1,9,31
92029,7332.0,220.0,176.0,521.0,308.0,550.0,1041.0,960.0,1217.0,843.0,1503.0,96690.0,129748.0,34.1,5013.0,100.0,0.0,80.0,226.0,316.0,672.0,752.0,842.0,702.0,1323.0,122656.0,151382.0,33.7,4155.0,50.0,0.0,54.0,187.0,191.0,515.0,569.0,648.0,636.0,1309.0,139861.0,2319.0,132.0,174.0,429.0,81.0,241.0,404.0,250.0,325.0,130.0,153.0,63773.0,78627.0,34.8,2,1,,3,43
92036,1247.0,61.0,64.0,112.0,89.0,62.0,490.0,200.0,72.0,61.0,39.0,64861.0,78567.0,25.8,679.0,12.0,0.0,33.0,50.0,36.0,239.0,174.0,47.0,52.0,36.0,72138.0,101334.0,26.7,624.0,12.0,0.0,33.0,25.0,36.0,239.0,147.0,44.0,52.0,36.0,71974.0,568.0,49.0,63.0,79.0,38.0,26.0,251.0,25.0,28.0,9.0,0.0,54571.0,51005.0,24.8,,1,,,2
92037,16657.0,850.0,350.0,716.0,850.0,1116.0,2182.0,1349.0,2648.0,1882.0,4714.0,113676.0,185009.0,36.6,10049.0,261.0,70.0,231.0,322.0,563.0,1035.0,693.0,1618.0,1266.0,3989.0,156798.0,235217.0,40.1,8470.0,152.0,25.0,144.0,161.0,330.0,855.0,542.0,1270.0,1110.0,3871.0,185333.0,6608.0,588.0,278.0,502.0,542.0,648.0,1084.0,654.0,1011.0,595.0,707.0,67710.0,106685.0,30.4,6,1,2,,64
92040,15022.0,541.0,376.0,976.0,796.0,1517.0,2629.0,1908.0,3185.0,1818.0,1262.0,83692.0,100308.0,40.3,10899.0,305.0,98.0,490.0,469.0,981.0,1777.0,1471.0,2550.0,1722.0,1057.0,97964.0,110236.0,40.7,8356.0,184.0,17.0,209.0,234.0,719.0,1220.0,1203.0,2089.0,1487.0,994.0,109418.0,4123.0,309.0,301.0,540.0,350.0,565.0,800.0,495.0,499.0,128.0,140.0,49900.0,67871.0,38.4,,1,,10,33
92054,15573.0,685.0,529.0,1293.0,1573.0,1822.0,3099.0,1900.0,2445.0,1059.0,1168.0,63355.0,88658.0,31.2,9019.0,171.0,117.0,415.0,920.0,1046.0,1939.0,1019.0,1687.0,749.0,965.0,73559.0,105612.0,31.9,6798.0,82.0,14.0,231.0,551.0,673.0,1305.0,782.0,1557.0,687.0,925.0,92523.0,6554.0,544.0,485.0,918.0,767.0,767.0,1140.0,878.0,655.0,262.0,131.0,45432.0,60378.0,27.0,16,1,,6,125
92056,19161.0,651.0,517.0,1207.0,1111.0,1935.0,3066.0,2874.0,3698.0,2357.0,1744.0,85047.0,102293.0,34.3,12828.0,282.0,115.0,385.0,526.0,1103.0,2052.0,2001.0,2822.0,2052.0,1488.0,99326.0,115669.0,35.0,10349.0,135.0,83.0,269.0,321.0,735.0,1439.0,1532.0,2515.0,1915.0,1387.0,109601.0,6333.0,380.0,418.0,855.0,671.0,925.0,1127.0,861.0,621.0,228.0,247.0,49305.0,69345.0,30.1,8,1,1,9,114
92057,18799.0,489.0,489.0,959.0,1354.0,1917.0,3403.0,2726.0,3497.0,2181.0,1786.0,81339.0,101184.0,33.8,14381.0,374.0,58.0,618.0,662.0,1568.0,2157.0,2243.0,3121.0,2071.0,1524.0,93042.0,111146.0,35.5,11240.0,135.0,34.0,382.0,292.0,1113.0,1484.0,1753.0,2630.0,1900.0,1517.0,110662.0,4418.0,194.0,424.0,482.0,596.0,437.0,1193.0,433.0,384.0,124.0,146.0,52344.0,61344.0,25.8,3,1,,14,103
92058,14277.0,314.0,385.0,1214.0,1656.0,2584.0,2884.0,2256.0,1999.0,671.0,328.0,57213.0,70819.0,31.7,11567.0,231.0,185.0,833.0,1296.0,2105.0,2498.0,2082.0,1527.0,555.0,266.0,60527.0,71639.0,32.8,9341.0,9.0,9.0,402.0,1196.0,1850.0,2083.0,1672.0,1317.0,523.0,271.0,64433.0,2710.0,241.0,201.0,417.0,409.0,363.0,436.0,176.0,382.0,62.0,24.0,37023.0,54210.0,23.1,2,1,,7,46
92064,16032.0,321.0,289.0,529.0,673.0,1154.0,2293.0,1635.0,3094.0,2228.0,3800.0,115391.0,147969.0,31.6,12705.0,140.0,89.0,318.0,572.0,788.0,1626.0,1283.0,2693.0,1931.0,3265.0,129407.0,157372.0,30.6,10378.0,62.0,31.0,218.0,436.0,509.0,1069.0,1017.0,2273.0,1619.0,3145.0,142500.0,3327.0,196.0,193.0,240.0,196.0,369.0,695.0,363.0,456.0,316.0,306.0,65590.0,92198.0,34.1,5,1,1,,65
92065,11941.0,131.0,215.0,812.0,513.0,1122.0,1696.0,1469.0,2723.0,1684.0,1588.0,100645.0,122155.0,34.1,9357.0,47.0,84.0,225.0,290.0,926.0,1450.0,1310.0,2105.0,1506.0,1413.0,107838.0,133559.0,33.2,7651.0,38.0,54.0,161.0,138.0,727.0,918.0,1102.0,1729.0,1377.0,1408.0,116295.0,2584.0,78.0,124.0,623.0,225.0,202.0,447.0,196.0,455.0,155.0,80.0,51567.0,67688.0,34.2,1,1,,11,38
92067,2867.0,95.0,57.0,118.0,83.0,34.0,158.0,80.0,361.0,373.0,1514.0,212188.0,292147.0,46.8,2448.0,93.0,37.0,51.0,20.0,12.0,149.0,147.0,475.0,181.0,1280.0,207132.0,297558.0,43.6,2028.0,77.0,37.0,0.0,20.0,12.0,107.0,61.0,304.0,180.0,1227.0,228118.0,419.0,0.0,20.0,65.0,62.0,20.0,28.0,0.0,37.0,23.0,164.0,,218849.0,60.9,,1,,,7
92069,14535.0,814.0,174.0,974.0,1192.0,1468.0,2456.0,1584.0,3038.0,1555.0,1294.0,77618.0,99266.0,35.7,11126.0,445.0,56.0,645.0,923.0,1024.0,1969.0,1179.0,2336.0,1402.0,1146.0,83603.0,106632.0,34.0,7885.0,142.0,8.0,355.0,481.0,560.0,1262.0,883.0,1900.0,1206.0,1088.0,107362.0,3409.0,436.0,130.0,430.0,290.0,511.0,518.0,337.0,556.0,150.0,51.0,47263.0,61842.0,38.5,,1,,11,28
92071,19360.0,581.0,523.0,1104.0,1297.0,1859.0,3233.0,2439.0,4433.0,2420.0,1510.0,85751.0,99481.0,36.2,14106.0,296.0,197.0,607.0,705.0,1411.0,2356.0,1876.0,3569.0,1862.0,1241.0,95352.0,106480.0,36.8,10355.0,124.0,145.0,197.0,373.0,994.0,1481.0,1388.0,2868.0,1646.0,1139.0,108866.0,5254.0,310.0,352.0,499.0,662.0,494.0,977.0,515.0,746.0,462.0,231.0,55246.0,74106.0,32.3,6,1,,,48
92075,5152.0,144.0,46.0,201.0,185.0,417.0,721.0,598.0,1051.0,345.0,1443.0,104201.0,157797.0,33.8,3330.0,73.0,7.0,107.0,137.0,133.0,486.0,380.0,579.0,186.0,1245.0,121404.0,185588.0,37.7,2822.0,17.0,0.0,104.0,62.0,127.0,265.0,347.0,562.0,172.0,1168.0,143524.0,1822.0,73.0,42.0,97.0,80.0,290.0,253.0,208.0,448.0,133.0,199.0,77317.0,101820.0,26.0,8,1,,3,34
92078,17528.0,701.0,631.0,894.0,1139.0,1578.0,2244.0,1998.0,3260.0,2279.0,2787.0,91564.0,116098.0,33.6,12334.0,296.0,234.0,395.0,567.0,913.0,1492.0,1406.0,2467.0,2035.0,2541.0,115556.0,134241.0,34.1,10206.0,225.0,143.0,245.0,214.0,633.0,1112.0,1112.0,2143.0,1898.0,2480.0,135212.0,5194.0,405.0,416.0,561.0,628.0,644.0,680.0,660.0,748.0,208.0,234.0,47354.0,70056.0,31.1,10,1,,11,50
92081,10654.0,362.0,139.0,1012.0,543.0,1225.0,1619.0,1470.0,1907.0,1449.0,916.0,80584.0,99684.0,30.3,7507.0,143.0,8.0,533.0,270.0,893.0,1119.0,1156.0,1456.0,1261.0,668.0,91730.0,105779.0,30.6,5335.0,43.0,5.0,85.0,91.0,560.0,848.0,843.0,1184.0,1019.0,656.0,107224.0,3147.0,233.0,132.0,522.0,290.0,397.0,437.0,425.0,349.0,148.0,211.0,49949.0,77012.0,28.5,7,1,,3,56
92082,6023.0,217.0,60.0,446.0,446.0,361.0,729.0,934.0,1126.0,837.0,879.0,94067.0,117081.0,42.5,4964.0,184.0,25.0,308.0,208.0,293.0,586.0,889.0,1042.0,705.0,720.0,99656.0,122529.0,42.1,3761.0,124.0,8.0,248.0,117.0,184.0,433.0,376.0,929.0,669.0,681.0,117582.0,1059.0,98.0,32.0,139.0,227.0,87.0,170.0,98.0,101.0,76.0,31.0,39145.0,61517.0,29.1,,1,,,34
92083,11550.0,427.0,266.0,866.0,959.0,1294.0,2633.0,2010.0,1744.0,681.0,658.0,68551.0,90401.0,32.1,8541.0,214.0,111.0,444.0,692.0,974.0,1930.0,1648.0,1358.0,547.0,615.0,72586.0,100345.0,32.0,5980.0,30.0,36.0,245.0,329.0,568.0,1369.0,1351.0,1058.0,484.0,502.0,82997.0,3009.0,253.0,162.0,493.0,316.0,394.0,638.0,406.0,295.0,45.0,9.0,44837.0,53014.0,30.5,8,1,,12,90
92084,14603.0,423.0,234.0,862.0,1066.0,1475.0,3052.0,1782.0,2731.0,1577.0,1373.0,77970.0,101144.0,39.8,10981.0,176.0,77.0,560.0,824.0,922.0,2185.0,1504.0,2438.0,1274.0,1021.0,84227.0,106090.0,38.4,7884.0,71.0,24.0,118.0,331.0,591.0,1585.0,1064.0,1963.0,1175.0,962.0,103307.0,3622.0,322.0,188.0,460.0,257.0,677.0,753.0,283.0,268.0,141.0,272.0,44797.0,70933.0,37.4,9,1,,8,82
92101,24984.0,1724.0,2274.0,1774.0,1949.0,1649.0,3573.0,2698.0,3798.0,2149.0,3423.0,71077.0,108606.0,31.3,6388.0,102.0,102.0,243.0,351.0,543.0,747.0,696.0,1246.0,1080.0,1278.0,112979.0,150622.0,35.2,5332.0,69.0,43.0,117.0,229.0,235.0,544.0,629.0,1200.0,1013.0,1248.0,125373.0,18596.0,1618.0,2176.0,1581.0,1674.0,1134.0,2696.0,2027.0,2510.0,1060.0,2120.0,58623.0,93610.0,29.9,5,1,,9,167
92102,15049.0,632.0,572.0,1490.0,1881.0,2137.0,3160.0,1535.0,2348.0,572.0,707.0,54862.0,72736.0,35.3,7784.0,234.0,249.0,693.0,817.0,1183.0,1798.0,942.0,1152.0,210.0,506.0,58646.0,77238.0,39.4,5087.0,20.0,76.0,275.0,280.0,763.0,1368.0,666.0,946.0,214.0,483.0,69287.0,7265.0,487.0,356.0,865.0,1075.0,966.0,1366.0,610.0,1061.0,291.0,196.0,46999.0,63937.0,30.5,10,1,,15,55
92103,18397.0,920.0,570.0,1380.0,828.0,2005.0,3036.0,2484.0,2962.0,1748.0,2465.0,78338.0,115292.0,28.2,6523.0,72.0,176.0,215.0,189.0,404.0,874.0,1044.0,1194.0,691.0,1657.0,114519.0,165242.0,32.2,5185.0,57.0,36.0,140.0,114.0,249.0,555.0,741.0,1053.0,648.0,1597.0,130750.0,11874.0,855.0,427.0,1187.0,594.0,1615.0,2197.0,1496.0,1734.0,962.0,807.0,63304.0,86469.0,25.3,16,1,4,5,114
92104,21873.0,766.0,853.0,1116.0,1837.0,2100.0,4506.0,3106.0,4221.0,1750.0,1640.0,73447.0,92464.0,30.9,8491.0,221.0,127.0,374.0,603.0,739.0,1630.0,1070.0,1970.0,739.0,1027.0,85396.0,109457.0,34.0,6119.0,49.0,12.0,110.0,361.0,465.0,1242.0,740.0,1481.0,691.0,973.0,104805.0,13382.0,656.0,709.0,830.0,1245.0,1365.0,2783.0,2074.0,2195.0,923.0,602.0,65429.0,80087.0,28.6,7,1,1,3,64
92105,23130.0,1503.0,1688.0,2729.0,3053.0,3053.0,4325.0,2521.0,2706.0,1041.0,555.0,48072.0,63488.0,47.2,15514.0,900.0,838.0,1955.0,1862.0,2203.0,2870.0,1707.0,1908.0,807.0,496.0,50000.0,68078.0,45.9,8858.0,266.0,283.0,895.0,912.0,1222.0,1692.0,1187.0,1515.0,549.0,345.0,62045.0,7616.0,845.0,929.0,861.0,1348.0,685.0,1424.0,685.0,663.0,137.0,38.0,32967.0,47330.0,46.8,19,1,1,15,151
92106,7565.0,401.0,227.0,189.0,242.0,620.0,1082.0,477.0,1664.0,817.0,1846.0,114158.0,162638.0,37.2,4984.0,125.0,10.0,30.0,169.0,184.0,738.0,229.0,1171.0,663.0,1665.0,144635.0,205842.0,34.1,4172.0,108.0,0.0,17.0,113.0,167.0,534.0,221.0,985.0,547.0,1485.0,146992.0,2581.0,276.0,227.0,160.0,111.0,410.0,328.0,248.0,496.0,163.0,163.0,54529.0,78439.0,42.1,5,1,,11,84
92107,13970.0,657.0,321.0,712.0,643.0,1383.0,2487.0,1690.0,2738.0,1551.0,1774.0,84190.0,111990.0,35.0,6044.0,151.0,36.0,109.0,218.0,441.0,907.0,629.0,1269.0,955.0,1330.0,114486.0,148180.0,36.1,4571.0,55.0,0.0,87.0,50.0,174.0,608.0,466.0,969.0,891.0,1271.0,142417.0,7926.0,507.0,293.0,634.0,483.0,919.0,1633.0,1038.0,1498.0,531.0,396.0,69340.0,81540.0,33.1,2,1,,4,31
92108,10832.0,639.0,238.0,422.0,628.0,1062.0,2156.0,1549.0,2351.0,1018.0,769.0,80572.0,99445.0,26.8,4277.0,94.0,4.0,94.0,150.0,586.0,761.0,590.0,1022.0,577.0,389.0,92888.0,120268.0,27.8,3077.0,25.0,6.0,71.0,80.0,308.0,431.0,452.0,883.0,474.0,345.0,105458.0,6555.0,603.0,229.0,328.0,472.0,420.0,1468.0,964.0,1265.0,426.0,380.0,72347.0,84624.0,25.9,7,1,,,41
92109,21893.0,722.0,285.0,898.0,1379.0,2102.0,3547.0,2912.0,4619.0,2343.0,3065.0,92379.0,117081.0,34.5,7397.0,170.0,59.0,281.0,444.0,555.0,865.0,925.0,1465.0,1021.0,1613.0,113096.0,145637.0,28.3,5664.0,17.0,28.0,130.0,232.0,317.0,663.0,606.0,1206.0,912.0,1558.0,133833.0,14496.0,609.0,232.0,638.0,957.0,1566.0,2682.0,2029.0,3189.0,1276.0,1334.0,82248.0,100372.0,37.3,8,1,,6,106
92110,11462.0,768.0,321.0,688.0,619.0,1181.0,1949.0,1628.0,2247.0,848.0,1215.0,77579.0,101923.0,33.7,5229.0,173.0,68.0,183.0,146.0,486.0,978.0,774.0,1051.0,528.0,837.0,95031.0,121871.0,32.8,3807.0,65.0,34.0,69.0,65.0,324.0,514.0,575.0,887.0,510.0,769.0,115457.0,6233.0,598.0,287.0,505.0,455.0,729.0,991.0,817.0,1191.0,312.0,355.0,63105.0,83692.0,33.9,16,1,1,6,120
92111,17174.0,738.0,464.0,1116.0,1649.0,1769.0,2662.0,2748.0,3280.0,1374.0,1340.0,77249.0,92134.0,40.8,10755.0,452.0,151.0,527.0,753.0,1119.0,1904.0,1559.0,2162.0,1043.0,1076.0,82262.0,101230.0,41.3,7383.0,170.0,66.0,229.0,266.0,775.0,1277.0,1174.0,1639.0,879.0,908.0,91056.0,6419.0,501.0,340.0,629.0,854.0,713.0,969.0,982.0,944.0,257.0,231.0,52332.0,69484.0,36.5,17,1,,15,69
92113,13670.0,848.0,889.0,1859.0,2037.0,2050.0,2830.0,1312.0,1176.0,355.0,342.0,43958.0,57654.0,41.9,10615.0,563.0,488.0,1306.0,1497.0,1762.0,2516.0,966.0,945.0,276.0,308.0,46993.0,60552.0,44.1,5896.0,88.0,189.0,495.0,831.0,1067.0,1450.0,761.0,643.0,124.0,254.0,52279.0,3055.0,385.0,480.0,645.0,486.0,321.0,339.0,189.0,122.0,67.0,21.0,25497.0,37982.0,31.3,14,1,,14,144
92114,18276.0,640.0,457.0,1316.0,1316.0,1974.0,3619.0,2851.0,3600.0,1499.0,987.0,73090.0,90324.0,51.2,15205.0,426.0,380.0,760.0,1019.0,1581.0,3102.0,2570.0,3269.0,1232.0,836.0,77249.0,93605.0,53.0,9975.0,100.0,100.0,249.0,549.0,738.0,2234.0,1786.0,2534.0,1027.0,648.0,88961.0,3071.0,396.0,147.0,534.0,276.0,455.0,580.0,209.0,264.0,129.0,80.0,40940.0,57329.0,36.2,3,1,,14,148
92115,21208.0,1272.0,1357.0,2354.0,1675.0,2757.0,4242.0,1972.0,3075.0,1209.0,1294.0,56137.0,78993.0,36.2,11766.0,341.0,306.0,953.0,1012.0,1471.0,2353.0,1318.0,2294.0,824.0,906.0,67487.0,94278.0,33.0,7833.0,149.0,70.0,439.0,501.0,689.0,1465.0,979.0,1919.0,799.0,822.0,86798.0,9442.0,954.0,1076.0,1445.0,793.0,1237.0,1907.0,680.0,708.0,321.0,321.0,40156.0,56311.0,38.5,9,1,,12,91
92116,16260.0,439.0,358.0,1089.0,813.0,1789.0,3203.0,2309.0,3089.0,1626.0,1528.0,78697.0,101866.0,26.3,6215.0,81.0,75.0,348.0,273.0,659.0,858.0,845.0,1231.0,920.0,932.0,99494.0,122341.0,27.6,4774.0,57.0,0.0,162.0,86.0,449.0,554.0,668.0,1069.0,869.0,859.0,118164.0,10045.0,392.0,271.0,784.0,552.0,1195.0,2270.0,1567.0,1828.0,603.0,583.0,69242.0,87518.0,25.0,8,1,,5,58
92117,21213.0,721.0,679.0,1146.0,976.0,1803.0,3288.0,2821.0,4582.0,2694.0,2503.0,91347.0,109276.0,34.9,13553.0,420.0,271.0,420.0,474.0,1233.0,1857.0,1816.0,3185.0,2087.0,1789.0,103074.0,117362.0,34.2,9520.0,133.0,76.0,209.0,257.0,590.0,695.0,1438.0,2504.0,1914.0,1695.0,128097.0,7660.0,375.0,421.0,781.0,513.0,728.0,1478.0,958.0,1402.0,437.0,574.0,64475.0,86176.0,32.3,13,1,,15,82
92118,8672.0,338.0,121.0,416.0,278.0,512.0,989.0,1205.0,1691.0,919.0,2194.0,108992.0,165468.0,35.2,6073.0,170.0,30.0,103.0,188.0,243.0,516.0,917.0,1263.0,771.0,1883.0,131407.0,193329.0,33.0,5359.0,96.0,16.0,54.0,139.0,182.0,418.0,798.0,1125.0,729.0,1806.0,142406.0,2599.0,169.0,94.0,317.0,99.0,283.0,465.0,283.0,434.0,148.0,307.0,65625.0,99464.0,40.0,2,1,1,,47
92119,9339.0,224.0,327.0,616.0,514.0,514.0,1261.0,1457.0,1634.0,1307.0,1485.0,97965.0,120548.0,32.6,6281.0,69.0,75.0,138.0,371.0,195.0,798.0,854.0,1325.0,1206.0,1244.0,125024.0,142464.0,31.8,5103.0,31.0,56.0,87.0,240.0,128.0,500.0,612.0,1112.0,1143.0,1189.0,134789.0,3058.0,156.0,251.0,477.0,220.0,324.0,471.0,563.0,278.0,214.0,104.0,54414.0,69690.0,33.5,4,1,,4,26
92120,11665.0,443.0,280.0,595.0,595.0,805.0,1516.0,1493.0,2461.0,1610.0,1855.0,102597.0,126300.0,31.4,7185.0,93.0,7.0,158.0,316.0,395.0,819.0,912.0,1839.0,1114.0,1530.0,123019.0,152032.0,29.7,5767.0,58.0,0.0,75.0,150.0,248.0,531.0,640.0,1580.0,1015.0,1471.0,136344.0,4480.0,358.0,269.0,439.0,376.0,444.0,694.0,596.0,614.0,435.0,255.0,61750.0,79104.0,33.9,2,1,2,7,44
92121,1850.0,133.0,33.0,46.0,118.0,105.0,109.0,159.0,466.0,240.0,435.0,118155.0,143870.0,29.1,971.0,14.0,0.0,7.0,22.0,51.0,28.0,86.0,301.0,164.0,298.0,147902.0,181030.0,27.8,865.0,5.0,0.0,7.0,12.0,46.0,28.0,86.0,229.0,154.0,298.0,155787.0,879.0,120.0,34.0,39.0,97.0,55.0,82.0,73.0,165.0,77.0,137.0,86083.0,102270.0,30.6,3,1,,2,82
92122,19417.0,1845.0,447.0,1010.0,874.0,1903.0,2854.0,2369.0,3553.0,1864.0,2699.0,81438.0,104885.0,32.2,9152.0,265.0,92.0,210.0,201.0,732.0,1171.0,1098.0,2032.0,1199.0,2142.0,116294.0,139495.0,32.7,7555.0,151.0,91.0,128.0,91.0,536.0,854.0,823.0,1791.0,1065.0,2025.0,128222.0,10265.0,1601.0,349.0,831.0,677.0,1160.0,1827.0,1160.0,1519.0,719.0,431.0,55780.0,71436.0,31.6,1,1,,5,34
92123,12585.0,642.0,315.0,378.0,831.0,868.0,2265.0,1762.0,2744.0,1221.0,1561.0,90602.0,109851.0,35.6,8021.0,281.0,88.0,184.0,513.0,505.0,1372.0,1147.0,2013.0,786.0,1139.0,97295.0,120058.0,32.5,5972.0,125.0,72.0,137.0,287.0,281.0,717.0,991.0,1636.0,663.0,1057.0,108941.0,4564.0,365.0,242.0,205.0,342.0,406.0,949.0,762.0,534.0,434.0,324.0,68406.0,85402.0,35.7,2,1,3,9,74
92124,11274.0,327.0,113.0,304.0,440.0,947.0,1601.0,2244.0,2356.0,1567.0,1375.0,94485.0,116381.0,30.3,8223.0,288.0,82.0,123.0,345.0,699.0,1283.0,1546.0,1587.0,1143.0,1127.0,94003.0,116478.0,29.5,6809.0,41.0,41.0,95.0,211.0,667.0,987.0,1232.0,1416.0,1117.0,994.0,104651.0,3051.0,82.0,34.0,180.0,92.0,253.0,445.0,659.0,668.0,409.0,229.0,91359.0,110767.0,31.8,2,1,,8,29
92126,25215.0,706.0,530.0,832.0,1488.0,1942.0,3581.0,3656.0,6001.0,3530.0,2975.0,99376.0,116257.0,33.0,19040.0,400.0,228.0,514.0,1219.0,1485.0,2628.0,2608.0,4912.0,2989.0,2075.0,102580.0,118805.0,32.6,15134.0,166.0,182.0,363.0,832.0,1105.0,1937.0,2058.0,3995.0,2648.0,1892.0,107048.0,6175.0,327.0,340.0,315.0,475.0,525.0,1130.0,877.0,1198.0,457.0,531.0,74743.0,92091.0,31.9,10,1,,10,108
92127,15300.0,168.0,184.0,566.0,520.0,627.0,1300.0,1148.0,3244.0,2020.0,5523.0,147827.0,193601.0,31.5,12513.0,100.0,50.0,388.0,238.0,413.0,901.0,788.0,2553.0,2252.0,4843.0,163882.0,204727.0,31.6,10417.0,21.0,21.0,229.0,188.0,167.0,469.0,729.0,2240.0,1906.0,4458.0,177981.0,2787.0,70.0,134.0,190.0,326.0,259.0,362.0,351.0,702.0,42.0,348.0,76641.0,104506.0,31.1,4,1,,9,9
92128,21109.0,528.0,422.0,781.0,929.0,1203.0,2955.0,3209.0,4855.0,2892.0,3335.0,104501.0,125560.0,28.8,14737.0,280.0,118.0,177.0,427.0,707.0,1636.0,2137.0,3787.0,2432.0,3036.0,124347.0,144684.0,30.3,12016.0,108.0,60.0,132.0,216.0,493.0,1142.0,1382.0,3316.0,2175.0,2980.0,134343.0,6372.0,255.0,319.0,618.0,529.0,548.0,1300.0,1077.0,1077.0,427.0,229.0,66492.0,78364.0,25.0,6,1,1,6,93
92129,18664.0,504.0,373.0,635.0,597.0,1232.0,1829.0,1978.0,3472.0,2930.0,5095.0,126371.0,153614.0,29.5,14888.0,357.0,104.0,357.0,357.0,849.0,1072.0,1548.0,2992.0,2576.0,4660.0,147070.0,168056.0,29.0,12354.0,124.0,62.0,210.0,247.0,544.0,667.0,1025.0,2594.0,2409.0,4497.0,162545.0,3776.0,136.0,279.0,283.0,291.0,389.0,846.0,412.0,506.0,381.0,257.0,63690.0,88712.0,29.3,,1,,12,26
92130,20464.0,696.0,368.0,471.0,573.0,982.0,1330.0,1699.0,3602.0,2497.0,8247.0,157333.0,208919.0,28.0,15761.0,252.0,205.0,252.0,426.0,567.0,757.0,1119.0,2427.0,2080.0,7660.0,191080.0,239564.0,30.0,13139.0,145.0,79.0,184.0,237.0,289.0,381.0,723.0,2010.0,1866.0,7226.0,220104.0,4703.0,447.0,165.0,212.0,198.0,419.0,583.0,569.0,1171.0,376.0,569.0,91448.0,101120.0,21.0,1,1,,13,
92131,12127.0,279.0,85.0,267.0,303.0,594.0,1273.0,1467.0,2474.0,1564.0,3820.0,137987.0,168712.0,32.2,9477.0,133.0,66.0,227.0,171.0,332.0,720.0,967.0,2000.0,1336.0,3525.0,153495.0,186080.0,33.9,8312.0,75.0,25.0,133.0,83.0,233.0,549.0,765.0,1754.0,1280.0,3408.0,165321.0,2650.0,146.0,16.0,85.0,140.0,252.0,564.0,469.0,567.0,183.0,228.0,82864.0,100669.0,24.1,,1,,7,32
92139,10066.0,302.0,181.0,564.0,825.0,1127.0,1963.0,1490.0,2345.0,755.0,513.0,75576.0,88632.0,52.7,8079.0,186.0,105.0,339.0,582.0,800.0,1648.0,1309.0,2125.0,671.0,315.0,80079.0,91053.0,50.6,5303.0,27.0,53.0,143.0,334.0,350.0,976.0,933.0,1718.0,525.0,244.0,95784.0,1987.0,151.0,101.0,217.0,266.0,350.0,385.0,234.0,205.0,48.0,32.0,43887.0,57361.0,51.5,1,1,,7,48
92154,22634.0,702.0,860.0,1494.0,1811.0,3078.0,4119.0,3305.0,4391.0,1879.0,973.0,70846.0,84589.0,45.2,18710.0,505.0,486.0,1066.0,1721.0,2245.0,3424.0,2844.0,3929.0,1665.0,842.0,74354.0,87766.0,47.0,13347.0,160.0,174.0,601.0,801.0,1281.0,2269.0,2402.0,3444.0,1522.0,707.0,87234.0,3924.0,275.0,369.0,436.0,294.0,957.0,726.0,365.0,385.0,90.0,35.0,43831.0,55229.0,33.8,4,1,,17,169
92173,8160.0,571.0,906.0,857.0,669.0,1191.0,1355.0,996.0,987.0,408.0,220.0,48967.0,64162.0,44.1,6515.0,280.0,384.0,560.0,625.0,1101.0,1270.0,886.0,880.0,326.0,202.0,54449.0,70296.0,41.3,4313.0,99.0,125.0,332.0,332.0,681.0,945.0,686.0,681.0,250.0,177.0,65569.0,1645.0,329.0,520.0,357.0,77.0,74.0,107.0,54.0,71.0,56.0,0.0,12992.0,29480.0,49.3,4,1,,7,76
92672,14480.0,652.0,565.0,594.0,898.0,1318.0,1911.0,2071.0,2520.0,1376.0,2577.0,89029.0,134029.0,35.7,9017.0,153.0,72.0,198.0,343.0,721.0,1046.0,1443.0,1704.0,1091.0,2245.0,116750.0,168147.0,37.7,7428.0,104.0,45.0,126.0,305.0,371.0,839.0,1181.0,1448.0,958.0,2050.0,128250.0,5463.0,503.0,503.0,399.0,585.0,661.0,885.0,650.0,732.0,273.0,273.0,51670.0,72342.0,29.9,,1,,,
